[
    {"id": 1, "song": "Thriller", "artist": "Michael Jackson", "album": "Thriller", "year": "1982", "image": "https://media.timeout.com/images/103495066/380/285/image.jpg"}, 
    {"id": 2, "song": "Like a Prayer", "artist": "Madonna", "album": "Like A Prayer", "year": "1984", "image": "https://media.timeout.com/images/103495067/380/285/image.jpg"}, 
    {"id": 3, "song": "When Doves Cry", "artist": "Prince", "album": "Purple Rain", "year": "1984", "image": "https://media.timeout.com/images/103495076/380/285/image.jpg"}, 
    {"id": 4, "song": "I Wanna Dance With Somebody", "artist": "Whitney Houston", "album": "Whitney", "year": "1987", "image": "https://media.timeout.com/images/103495077/380/285/image.jpg"}, 
    {"id": 5, "song": "Baby One More Time", "artist": "Britney Spears", "album": "Baby One More Time", "year": "1998", "image": "https://media.timeout.com/images/103495078/380/285/image.jpg"}, 
    {"id": 6, "song": "It's Gonna Be Me", "artist": "'NSync", "album": "No Strings Attached", "year": "2000", "image": "https://media.timeout.com/images/103495081/380/285/image.jpg"}, 
    {"id": 7, "song": "Everybody", "artist": "The Backstreet Boys", "album": "Backstreet's Back", "year": "1997", "image": "https://media.timeout.com/images/103495086/380/285/image.jpg"},
    {"id": 8, "song": "Rolling in the Deep", "artist": "Adele", "album": "Adele21", "year": "2011", "image": "https://media.timeout.com/images/103495087/380/285/image.jpg"},
    {"id": 9, "song": "Don't Stop Believing", "artist": "Journey", "album": "Don't Stop Believing", "year": "1981", "image": "https://media.timeout.com/images/103495089/380/285/image.jpg"},
    {"id": 10, "song": "Billie Jean", "artist": "Michael Jackson", "album": "Thriller", "year": "1982", "image": "https://media.timeout.com/images/103495090/380/285/image.jpg"}
]